{
	"schemaVersion": 1,
	"id": "progression-slowed",
	"version": "${version}",
	"name": "Progression Slowed",
	"description": "This is an example description! Tell everyone what your mod is about!",
	"authors": [
		"Me!"
	],
	"contact": {
		"homepage": "https://fabricmc.net/",
		"sources": "https://github.com/FabricMC/fabric-example-mod"
	},
	"license": "CC0-1.0",
	"icon": "assets/progression-slowed/icon.png",
	"environment": "*",
	"entrypoints": {
		"main": [
			"net.joosemann.progressionslowed.ProgressionSlowed"
		],
		"fabric-datagen": [
			"net.joosemann.progressionslowed.ProgressionSlowedDataGenerator"
		]
	},
	"mixins": [
		"progression-slowed.mixins.json"
	],
	"depends": {
		"fabricloader": ">=0.16.5",
		"minecraft": "~1.21.1",
		"java": ">=21",
		"fabric-api": "*"
	},
	"suggests": {
		"another-mod": "*"
	}
}